[
{
    "pk": 1, 
    "model": "runner.derbyevent", 
    "fields": {
        "event_name": "Pinewood Derby January 2013", 
        "event_date": "2014-01-18", 
        "stamp": "2013-11-15T18:29:11.236"
    }
},
{
    "pk": 1, 
    "model": "runner.person", 
    "fields": {
        "stamp": "2013-11-02T03:06:06.737", 
        "picture": "picture", 
        "name_first": "Gavin", 
        "name_last": "Jones", 
        "rank": "WEBELOS II"
    }
},
{
    "pk": 2, 
    "model": "runner.person", 
    "fields": {
        "stamp": "2013-11-02T03:06:57.025", 
        "picture": "picture", 
        "name_first": "Liam", 
        "name_last": "Jones", 
        "rank": "Bear"
    }
},
{
    "pk": 3, 
    "model": "runner.person", 
    "fields": {
        "stamp": "2013-11-02T03:07:07.692", 
        "picture": "picture", 
        "name_first": "Eli", 
        "name_last": "Stoner", 
        "rank": "WEBELOS II"
    }
},
{
    "pk": 4, 
    "model": "runner.person", 
    "fields": {
        "stamp": "2013-11-02T03:07:21.038", 
        "picture": "picture", 
        "name_first": "Christopher", 
        "name_last": "Siller", 
        "rank": "Wolf"
    }
},
{
    "pk": 5, 
    "model": "runner.person", 
    "fields": {
        "stamp": "2013-11-02T03:07:43.563", 
        "picture": "picture", 
        "name_first": "Sam", 
        "name_last": "Robertson", 
        "rank": "Wolf"
    }
},
{
    "pk": 6, 
    "model": "runner.person", 
    "fields": {
        "stamp": "2013-11-02T03:08:17.352", 
        "picture": "picture", 
        "name_first": "Ryan", 
        "name_last": "Scott", 
        "rank": "WEBELOS II"
    }
},
{
    "pk": 7, 
    "model": "runner.person", 
    "fields": {
        "stamp": "2013-11-02T03:09:05.954", 
        "picture": "picture", 
        "name_first": "Reed", 
        "name_last": "McCann", 
        "rank": "Bear"
    }
},
{
    "pk": 8, 
    "model": "runner.person", 
    "fields": {
        "stamp": "2013-11-02T03:08:48.744", 
        "picture": "picture", 
        "name_first": "Christian", 
        "name_last": "Quintero", 
        "rank": "Wolf"
    }
},
{
    "pk": 9, 
    "model": "runner.person", 
    "fields": {
        "stamp": "2013-11-02T03:30:49.642", 
        "picture": "picture", 
        "name_first": "Josh", 
        "name_last": "Quintero", 
        "rank": "Wolf"
    }
},
{
    "pk": 10, 
    "model": "runner.person", 
    "fields": {
        "stamp": "2013-11-02T03:31:27.708", 
        "picture": "picture", 
        "name_first": "Luke", 
        "name_last": "Morrison", 
        "rank": "Bear"
    }
},
{
    "pk": 11, 
    "model": "runner.person", 
    "fields": {
        "stamp": "2013-11-02T03:31:35.808", 
        "picture": "picture", 
        "name_first": "Colton", 
        "name_last": "Wemhoff", 
        "rank": "Bear"
    }
},
{
    "pk": 12, 
    "model": "runner.person", 
    "fields": {
        "stamp": "2013-11-02T03:31:52.044", 
        "picture": "picture", 
        "name_first": "Aiden", 
        "name_last": "Winnike", 
        "rank": "Bear"
    }
},
{
    "pk": 13, 
    "model": "runner.person", 
    "fields": {
        "stamp": "2013-11-02T03:32:45.000", 
        "picture": "picture", 
        "name_first": "Jacob", 
        "name_last": "Laake", 
        "rank": "Bear"
    }
},
{
    "pk": 14, 
    "model": "runner.person", 
    "fields": {
        "stamp": "2013-11-02T03:33:09.438", 
        "picture": "picture", 
        "name_first": "Marc", 
        "name_last": "Taduran", 
        "rank": "Bear"
    }
},
{
    "pk": 15, 
    "model": "runner.person", 
    "fields": {
        "stamp": "2013-11-02T03:33:56.128", 
        "picture": "picture", 
        "name_first": "Owen", 
        "name_last": "Leinen", 
        "rank": "Wolf"
    }
},
{
    "pk": 16, 
    "model": "runner.person", 
    "fields": {
        "stamp": "2013-11-02T03:34:04.694", 
        "picture": "picture", 
        "name_first": "Benji", 
        "name_last": "Mitchell", 
        "rank": "Wolf"
    }
},
{
    "pk": 17, 
    "model": "runner.person", 
    "fields": {
        "stamp": "2013-11-02T03:34:17.666", 
        "picture": "picture", 
        "name_first": "Blake", 
        "name_last": "Pfannes", 
        "rank": "Wolf"
    }
},
{
    "pk": 18, 
    "model": "runner.person", 
    "fields": {
        "stamp": "2013-11-02T03:34:29.340", 
        "picture": "picture", 
        "name_first": "Nate", 
        "name_last": "Thompson", 
        "rank": "Wolf"
    }
},
{
    "pk": 19, 
    "model": "runner.person", 
    "fields": {
        "stamp": "2013-11-02T03:34:47.194", 
        "picture": "picture", 
        "name_first": "Zander", 
        "name_last": "Thompson", 
        "rank": "Bear"
    }
},
{
    "pk": 20, 
    "model": "runner.person", 
    "fields": {
        "stamp": "2013-11-02T03:35:03.820", 
        "picture": "picture", 
        "name_first": "John", 
        "name_last": "Bednar", 
        "rank": "WEBELOS I"
    }
},
{
    "pk": 21, 
    "model": "runner.person", 
    "fields": {
        "stamp": "2013-11-02T03:35:15.927", 
        "picture": "picture", 
        "name_first": "Damien", 
        "name_last": "Broyles", 
        "rank": "WEBELOS I"
    }
},
{
    "pk": 22, 
    "model": "runner.person", 
    "fields": {
        "stamp": "2013-11-02T03:35:28.142", 
        "picture": "picture", 
        "name_first": "Zach", 
        "name_last": "Mitchell", 
        "rank": "WEBELOS I"
    }
},
{
    "pk": 23, 
    "model": "runner.person", 
    "fields": {
        "stamp": "2013-11-02T03:35:41.316", 
        "picture": "picture", 
        "name_first": "Alex", 
        "name_last": "Caylor", 
        "rank": "WEBELOS I"
    }
},
{
    "pk": 24, 
    "model": "runner.person", 
    "fields": {
        "stamp": "2013-11-02T03:38:24.698", 
        "picture": "picture", 
        "name_first": "Patrick", 
        "name_last": "McWilliams", 
        "rank": "Tiger"
    }
},
{
    "pk": 25, 
    "model": "runner.person", 
    "fields": {
        "stamp": "2013-11-02T03:38:37.180", 
        "picture": "picture", 
        "name_first": "Jesus", 
        "name_last": "Morales", 
        "rank": "Tiger"
    }
},
{
    "pk": 26, 
    "model": "runner.person", 
    "fields": {
        "stamp": "2013-11-02T03:38:50.568", 
        "picture": "picture", 
        "name_first": "Landon", 
        "name_last": "Tolson", 
        "rank": "Tiger"
    }
},
{
    "pk": 27, 
    "model": "runner.person", 
    "fields": {
        "stamp": "2013-11-02T03:38:59.100", 
        "picture": "picture", 
        "name_first": "Turner", 
        "name_last": "White", 
        "rank": "Tiger"
    }
},
{
    "pk": 1, 
    "model": "runner.racer", 
    "fields": {
        "stamp": "2013-11-18T19:01:03", 
        "person": 1, 
        "name": "Gavin's racer", 
        "picture": ""
    }
},
{
    "pk": 2, 
    "model": "runner.racer", 
    "fields": {
        "stamp": "2013-11-18T19:01:03", 
        "person": 2, 
        "name": "Liam's racer", 
        "picture": ""
    }
},
{
    "pk": 3, 
    "model": "runner.racer", 
    "fields": {
        "stamp": "2013-11-18T19:01:03", 
        "person": 3, 
        "name": "Eli's racer", 
        "picture": ""
    }
},
{
    "pk": 4, 
    "model": "runner.racer", 
    "fields": {
        "stamp": "2013-11-18T19:01:03", 
        "person": 4, 
        "name": "Christopher's racer", 
        "picture": ""
    }
},
{
    "pk": 5, 
    "model": "runner.racer", 
    "fields": {
        "stamp": "2013-11-18T19:01:03", 
        "person": 5, 
        "name": "Sam's racer", 
        "picture": ""
    }
},
{
    "pk": 6, 
    "model": "runner.racer", 
    "fields": {
        "stamp": "2013-11-18T19:01:03", 
        "person": 6, 
        "name": "Ryan's racer", 
        "picture": ""
    }
},
{
    "pk": 7, 
    "model": "runner.racer", 
    "fields": {
        "stamp": "2013-11-18T19:01:03", 
        "person": 7, 
        "name": "Reed's racer", 
        "picture": ""
    }
},
{
    "pk": 8, 
    "model": "runner.racer", 
    "fields": {
        "stamp": "2013-11-18T19:01:03", 
        "person": 8, 
        "name": "Christian's racer", 
        "picture": ""
    }
},
{
    "pk": 9, 
    "model": "runner.racer", 
    "fields": {
        "stamp": "2013-11-18T19:01:03", 
        "person": 9, 
        "name": "Josh's racer", 
        "picture": ""
    }
},
{
    "pk": 10, 
    "model": "runner.racer", 
    "fields": {
        "stamp": "2013-11-18T19:01:03", 
        "person": 10, 
        "name": "Luke's racer", 
        "picture": ""
    }
},
{
    "pk": 11, 
    "model": "runner.racer", 
    "fields": {
        "stamp": "2013-11-18T19:01:03", 
        "person": 11, 
        "name": "Colton's racer", 
        "picture": ""
    }
},
{
    "pk": 12, 
    "model": "runner.racer", 
    "fields": {
        "stamp": "2013-11-18T19:01:03", 
        "person": 12, 
        "name": "Aiden's racer", 
        "picture": ""
    }
},
{
    "pk": 13, 
    "model": "runner.racer", 
    "fields": {
        "stamp": "2013-11-18T19:01:03", 
        "person": 13, 
        "name": "Jacob's racer", 
        "picture": ""
    }
},
{
    "pk": 14, 
    "model": "runner.racer", 
    "fields": {
        "stamp": "2013-11-18T19:01:03", 
        "person": 14, 
        "name": "Marc's racer", 
        "picture": ""
    }
},
{
    "pk": 15, 
    "model": "runner.racer", 
    "fields": {
        "stamp": "2013-11-18T19:01:03", 
        "person": 15, 
        "name": "Owen's racer", 
        "picture": ""
    }
},
{
    "pk": 16, 
    "model": "runner.racer", 
    "fields": {
        "stamp": "2013-11-18T19:01:03", 
        "person": 16, 
        "name": "Benji's racer", 
        "picture": ""
    }
},
{
    "pk": 17, 
    "model": "runner.racer", 
    "fields": {
        "stamp": "2013-11-18T19:01:03", 
        "person": 17, 
        "name": "Blake's racer", 
        "picture": ""
    }
},
{
    "pk": 18, 
    "model": "runner.racer", 
    "fields": {
        "stamp": "2013-11-18T19:01:03", 
        "person": 18, 
        "name": "Nate's racer", 
        "picture": ""
    }
},
{
    "pk": 19, 
    "model": "runner.racer", 
    "fields": {
        "stamp": "2013-11-18T19:01:03", 
        "person": 19, 
        "name": "Zander's racer", 
        "picture": ""
    }
},
{
    "pk": 20, 
    "model": "runner.racer", 
    "fields": {
        "stamp": "2013-11-18T19:01:03", 
        "person": 20, 
        "name": "John's racer", 
        "picture": ""
    }
},
{
    "pk": 21, 
    "model": "runner.racer", 
    "fields": {
        "stamp": "2013-11-18T19:01:03", 
        "person": 21, 
        "name": "Damien's racer", 
        "picture": ""
    }
},
{
    "pk": 22, 
    "model": "runner.racer", 
    "fields": {
        "stamp": "2013-11-18T19:01:03", 
        "person": 22, 
        "name": "Zach's racer", 
        "picture": ""
    }
},
{
    "pk": 23, 
    "model": "runner.racer", 
    "fields": {
        "stamp": "2013-11-18T19:01:03", 
        "person": 23, 
        "name": "Alex's racer", 
        "picture": ""
    }
},
{
    "pk": 24, 
    "model": "runner.racer", 
    "fields": {
        "stamp": "2013-11-18T19:01:03", 
        "person": 24, 
        "name": "Patrick's racer", 
        "picture": ""
    }
},
{
    "pk": 25, 
    "model": "runner.racer", 
    "fields": {
        "stamp": "2013-11-18T19:01:03", 
        "person": 25, 
        "name": "Jesus's racer", 
        "picture": ""
    }
},
{
    "pk": 26, 
    "model": "runner.racer", 
    "fields": {
        "stamp": "2013-11-18T19:01:03", 
        "person": 26, 
        "name": "Landon's racer", 
        "picture": ""
    }
},
{
    "pk": 27, 
    "model": "runner.racer", 
    "fields": {
        "stamp": "2013-11-18T19:01:03", 
        "person": 27, 
        "name": "Turner's racer", 
        "picture": ""
    }
},
{
    "pk": 1, 
    "model": "runner.group", 
    "fields": {
        "stamp": "2013-11-18T13:11:10.774", 
        "racers": [
            1, 
            2, 
            3, 
            4, 
            5, 
            6, 
            7, 
            8, 
            9, 
            10, 
            11, 
            12, 
            13, 
            14, 
            15, 
            16, 
            17, 
            18, 
            19, 
            20, 
            21, 
            22, 
            23, 
            24, 
            25, 
            26, 
            27
        ], 
        "name": "General Heats - TEST"
    }
},
{
    "pk": 2, 
    "model": "runner.group", 
    "fields": {
        "stamp": "2013-11-18T13:10:53.054", 
        "racers": [
            3, 
            5, 
            13, 
            18, 
            25
        ], 
        "name": "Finals-TEST"
    }
},
{
    "pk": 1, 
    "model": "runner.race", 
    "fields": {
        "racer_group": 1, 
        "name": "General Heats - TEST", 
        "level": 1, 
        "stamp": "2013-11-18T13:11:57.041", 
        "derby_event": 1, 
        "lane_ct": 6
    }
}
]
